1497959693,8192
1497959694,8192
1497959695,10088
1497959696,10088
1497959697,16600
1497959698,16600
1497959699,16632
1497959700,16632
1497959701,16648
1497959702,16648
1497959703,18696
1497959704,18696
1497959705,18696
1497959706,18696
1497959707,18696
1497959708,18696
1497959709,18696
1497959710,18696
1497959711,18696
1497959712,18696
1497959713,18696
1497959714,18696
1497959715,18696
1497959716,18696
1497959717,18696
1497959718,18696
1497959719,18696
1497959720,18696
1497959721,18696
1497959722,18696
1497959723,18696
